<?xml version="1.0"?>
<mod>
	<hooks hook_id="lib/" script_path="lua/">
		<post :hook_id="units/beings/player/playermovement" :script_path="playermovement.lua" />
		<post :hook_id="network/handlers/unitnetworkhandler" :script_path="unitnetworkhandler.lua" />
		<post :hook_id="setups/gamesetup" :script_path="gamesetup.lua" />
	</hooks>
	<assets base_path="assets/" load="startup">
		<group name="effects/custom/" path="assets/">
			<file :name="th_points_effect.effect" :path="effects/th_points_effect.effect"/>
			<file :name="th_points_effect.texture" :path="textures/th_points_effect.texture"/>
		</group>
	</assets>
</mod>